{
  "name": "repurposed_structures:villages/badlands/town_centers",
  "fallback": "minecraft:empty",
  "elements": [
    {
      "weight": 98,
      "element": {
        "location": "repurposed_structures:villages/badlands/town_centers/center_1",
        "processors": "minecraft:empty",
        "projection": "rigid",
        "element_type": "minecraft:legacy_single_pool_element"
      }
    },
    {
      "weight": 2,
      "element": {
        "location": "repurposed_structures:villages/badlands/zombie/town_centers/center_1",
        "processors": "repurposed_structures:villages/badlands/zombify_decor",
        "projection": "rigid",
        "element_type": "minecraft:legacy_single_pool_element"
      }
    }
  ]
}