{
  "name": "repurposed_structures:mineshafts/birch/side",
  "fallback": "minecraft:empty",
  "elements": [
    {
      "weight": 3250,
      "element": {
        "element_type": "minecraft:empty_pool_element"
      }
    },
    {
      "weight": 10,
      "element": {
        "location": "repurposed_structures:mineshafts/birch/tunnel_rails_1",
        "processors": "repurposed_structures:mineshafts/birch_no_rails",
        "projection": "rigid",
        "element_type": "minecraft:single_pool_element"
      }
    },
    {
      "weight": 10,
      "element": {
        "location": "repurposed_structures:mineshafts/birch/tunnel_rails_2",
        "processors": "repurposed_structures:mineshafts/birch_no_rails",
        "projection": "rigid",
        "element_type": "minecraft:single_pool_element"
      }
    },
    {
      "weight": 10,
      "element": {
        "location": "repurposed_structures:mineshafts/birch/tunnel_rails_3",
        "processors": "repurposed_structures:mineshafts/birch_no_rails",
        "projection": "rigid",
        "element_type": "minecraft:single_pool_element"
      }
    },
    {
      "weight": 10,
      "element": {
        "location": "repurposed_structures:mineshafts/birch/tunnel_rails_4",
        "processors": "repurposed_structures:mineshafts/birch_no_rails",
        "projection": "rigid",
        "element_type": "minecraft:single_pool_element"
      }
    },
    {
      "weight": 10,
      "element": {
        "location": "repurposed_structures:mineshafts/birch/tunnel_rails_1",
        "processors": "repurposed_structures:mineshafts/birch_main",
        "projection": "rigid",
        "element_type": "minecraft:single_pool_element"
      }
    },
    {
      "weight": 10,
      "element": {
        "location": "repurposed_structures:mineshafts/birch/tunnel_rails_2",
        "processors": "repurposed_structures:mineshafts/birch_main",
        "projection": "rigid",
        "element_type": "minecraft:single_pool_element"
      }
    },
    {
      "weight": 10,
      "element": {
        "location": "repurposed_structures:mineshafts/birch/tunnel_rails_3",
        "processors": "repurposed_structures:mineshafts/birch_main",
        "projection": "rigid",
        "element_type": "minecraft:single_pool_element"
      }
    },
    {
      "weight": 10,
      "element": {
        "location": "repurposed_structures:mineshafts/birch/tunnel_rails_4",
        "processors": "repurposed_structures:mineshafts/birch_main",
        "projection": "rigid",
        "element_type": "minecraft:single_pool_element"
      }
    },
    {
      "weight": 15,
      "element": {
        "location": "repurposed_structures:mineshafts/birch/stairs",
        "processors": "repurposed_structures:mineshafts/birch_misc",
        "projection": "rigid",
        "element_type": "minecraft:single_pool_element"
      }
    },
    {
      "weight": 1,
      "element": {
        "location": "repurposed_structures:mineshafts/birch/spawner_1",
        "processors": "repurposed_structures:mineshafts/birch_spawner",
        "projection": "rigid",
        "element_type": "minecraft:single_pool_element"
      }
    },
    {
      "weight": 1,
      "element": {
        "location": "repurposed_structures:mineshafts/birch/spawner_2",
        "processors": "repurposed_structures:mineshafts/birch_spawner",
        "projection": "rigid",
        "element_type": "minecraft:single_pool_element"
      }
    },
    {
      "weight": 1,
      "element": {
        "location": "repurposed_structures:mineshafts/birch/spawner_3_end",
        "processors": "repurposed_structures:mineshafts/birch_spawner",
        "projection": "rigid",
        "element_type": "minecraft:single_pool_element"
      }
    },
    {
      "weight": 1,
      "element": {
        "location": "repurposed_structures:mineshafts/birch/spawner_3_middle",
        "processors": "repurposed_structures:mineshafts/birch_spawner",
        "projection": "rigid",
        "element_type": "minecraft:single_pool_element"
      }
    },
    {
      "weight": 1,
      "element": {
        "location": "repurposed_structures:mineshafts/birch/spawner_4_end",
        "processors": "repurposed_structures:mineshafts/birch_spawner",
        "projection": "rigid",
        "element_type": "minecraft:single_pool_element"
      }
    },
    {
      "weight": 1,
      "element": {
        "location": "repurposed_structures:mineshafts/birch/spawner_4_middle",
        "processors": "repurposed_structures:mineshafts/birch_spawner",
        "projection": "rigid",
        "element_type": "minecraft:single_pool_element"
      }
    }
  ]
}