{
  "name": "repurposed_structures:villages/swamp/zombie/decor",
  "fallback": "minecraft:empty",
  "elements": [
    {
      "weight": 1,
      "element": {
        "location": "repurposed_structures:villages/swamp/decor/lamp_post_01",
        "processors": "repurposed_structures:villages/swamp/zombify",
        "projection": "rigid",
        "element_type": "minecraft:legacy_single_pool_element"
      }
    },
    {
      "weight": 1,
      "element": {
        "location": "repurposed_structures:villages/swamp/decor/lamp_post_02",
        "processors": "minecraft:empty",
        "projection": "rigid",
        "element_type": "minecraft:legacy_single_pool_element"
      }
    },
    {
      "weight": 1,
      "element": {
        "location": "repurposed_structures:villages/swamp/decor/lamp_post_03",
        "processors": "minecraft:empty",
        "projection": "rigid",
        "element_type": "minecraft:legacy_single_pool_element"
      }
    },
    {
      "weight": 2,
      "element": {
        "feature": "repurposed_structures:swamp_tree_checked",
        "projection": "rigid",
        "element_type": "minecraft:feature_pool_element"
      }
    },
    {
      "weight": 2,
      "element": {
        "feature": "repurposed_structures:flower_swamp",
        "projection": "rigid",
        "element_type": "minecraft:feature_pool_element"
      }
    },
    {
      "weight": 2,
      "element": {
        "feature": "minecraft:pile_pumpkin",
        "projection": "rigid",
        "element_type": "minecraft:feature_pool_element"
      }
    },
    {
      "weight": 2,
      "element": {
        "element_type": "minecraft:empty_pool_element"
      }
    }
  ]
}