{
  "name": "repurposed_structures:villages/dark_forest/zombie/houses",
  "fallback": "repurposed_structures:villages/dark_forest/terminators",
  "elements": [
    {
      "weight": 3,
      "element": {
        "location": "repurposed_structures:villages/dark_forest/zombie/houses/small_house_1",
        "processors": "repurposed_structures:villages/dark_forest/zombify",
        "projection": "rigid",
        "element_type": "minecraft:legacy_single_pool_element"
      }
    },
    {
      "weight": 3,
      "element": {
        "location": "repurposed_structures:villages/dark_forest/zombie/houses/small_house_2",
        "processors": "repurposed_structures:villages/dark_forest/zombify",
        "projection": "rigid",
        "element_type": "minecraft:legacy_single_pool_element"
      }
    },
    {
      "weight": 3,
      "element": {
        "location": "repurposed_structures:villages/dark_forest/zombie/houses/small_house_3",
        "processors": "repurposed_structures:villages/dark_forest/zombify",
        "projection": "rigid",
        "element_type": "minecraft:legacy_single_pool_element"
      }
    },
    {
      "weight": 3,
      "element": {
        "location": "repurposed_structures:villages/dark_forest/zombie/houses/small_house_4",
        "processors": "repurposed_structures:villages/dark_forest/zombify",
        "projection": "rigid",
        "element_type": "minecraft:legacy_single_pool_element"
      }
    },
    {
      "weight": 3,
      "element": {
        "location": "repurposed_structures:villages/dark_forest/zombie/houses/small_house_5",
        "processors": "repurposed_structures:villages/dark_forest/zombify",
        "projection": "rigid",
        "element_type": "minecraft:legacy_single_pool_element"
      }
    },
    {
      "weight": 2,
      "element": {
        "location": "repurposed_structures:villages/dark_forest/zombie/houses/small_house_6",
        "processors": "repurposed_structures:villages/dark_forest/zombify",
        "projection": "rigid",
        "element_type": "minecraft:legacy_single_pool_element"
      }
    },
    {
      "weight": 3,
      "element": {
        "location": "repurposed_structures:villages/dark_forest/zombie/houses/small_house_7",
        "processors": "repurposed_structures:villages/dark_forest/zombify",
        "projection": "rigid",
        "element_type": "minecraft:legacy_single_pool_element"
      }
    },
    {
      "weight": 3,
      "element": {
        "location": "repurposed_structures:villages/dark_forest/zombie/houses/small_house_8",
        "processors": "repurposed_structures:villages/dark_forest/zombify",
        "projection": "rigid",
        "element_type": "minecraft:legacy_single_pool_element"
      }
    },
    {
      "weight": 3,
      "element": {
        "location": "repurposed_structures:villages/dark_forest/zombie/houses/medium_house_1",
        "processors": "repurposed_structures:villages/dark_forest/zombify",
        "projection": "rigid",
        "element_type": "minecraft:legacy_single_pool_element"
      }
    },
    {
      "weight": 3,
      "element": {
        "location": "repurposed_structures:villages/dark_forest/zombie/houses/medium_house_2",
        "processors": "repurposed_structures:villages/dark_forest/zombify",
        "projection": "rigid",
        "element_type": "minecraft:legacy_single_pool_element"
      }
    },
    {
      "weight": 4,
      "element": {
        "location": "repurposed_structures:villages/dark_forest/zombie/houses/big_house_1",
        "processors": "repurposed_structures:villages/dark_forest/zombify",
        "projection": "rigid",
        "element_type": "minecraft:legacy_single_pool_element"
      }
    },
    {
      "weight": 2,
      "element": {
        "location": "repurposed_structures:villages/dark_forest/houses/butcher_shop_1",
        "processors": "repurposed_structures:villages/dark_forest/zombify",
        "projection": "rigid",
        "element_type": "minecraft:legacy_single_pool_element"
      }
    },
    {
      "weight": 2,
      "element": {
        "location": "repurposed_structures:villages/dark_forest/zombie/houses/butcher_shop_2",
        "processors": "repurposed_structures:villages/dark_forest/zombify",
        "projection": "rigid",
        "element_type": "minecraft:legacy_single_pool_element"
      }
    },
    {
      "weight": 2,
      "element": {
        "location": "repurposed_structures:villages/dark_forest/houses/tool_smith_1",
        "processors": "repurposed_structures:villages/dark_forest/zombify",
        "projection": "rigid",
        "element_type": "minecraft:legacy_single_pool_element"
      }
    },
    {
      "weight": 2,
      "element": {
        "location": "repurposed_structures:villages/dark_forest/zombie/houses/fletcher_house_1",
        "processors": "repurposed_structures:villages/dark_forest/zombify",
        "projection": "rigid",
        "element_type": "minecraft:legacy_single_pool_element"
      }
    },
    {
      "weight": 2,
      "element": {
        "location": "repurposed_structures:villages/dark_forest/zombie/houses/shepherds_house_1",
        "processors": "repurposed_structures:villages/dark_forest/zombify",
        "projection": "rigid",
        "element_type": "minecraft:legacy_single_pool_element"
      }
    },
    {
      "weight": 2,
      "element": {
        "location": "repurposed_structures:villages/dark_forest/houses/armorer_house_1",
        "processors": "repurposed_structures:villages/dark_forest/zombify",
        "projection": "rigid",
        "element_type": "minecraft:legacy_single_pool_element"
      }
    },
    {
      "weight": 2,
      "element": {
        "location": "repurposed_structures:villages/dark_forest/houses/fisher_cottage_1",
        "processors": "repurposed_structures:villages/dark_forest/zombify",
        "projection": "rigid",
        "element_type": "minecraft:legacy_single_pool_element"
      }
    },
    {
      "weight": 2,
      "element": {
        "location": "repurposed_structures:villages/dark_forest/houses/tannery_1",
        "processors": "repurposed_structures:villages/dark_forest/zombify",
        "projection": "rigid",
        "element_type": "minecraft:legacy_single_pool_element"
      }
    },
    {
      "weight": 1,
      "element": {
        "location": "repurposed_structures:villages/dark_forest/houses/cartographer_1",
        "processors": "repurposed_structures:villages/dark_forest/zombify",
        "projection": "rigid",
        "element_type": "minecraft:legacy_single_pool_element"
      }
    },
    {
      "weight": 3,
      "element": {
        "location": "repurposed_structures:villages/dark_forest/houses/library_1",
        "processors": "repurposed_structures:villages/dark_forest/zombify",
        "projection": "rigid",
        "element_type": "minecraft:legacy_single_pool_element"
      }
    },
    {
      "weight": 1,
      "element": {
        "location": "repurposed_structures:villages/dark_forest/houses/library_2",
        "processors": "repurposed_structures:villages/dark_forest/zombify",
        "projection": "rigid",
        "element_type": "minecraft:legacy_single_pool_element"
      }
    },
    {
      "weight": 2,
      "element": {
        "location": "repurposed_structures:villages/dark_forest/houses/masons_house_1",
        "processors": "repurposed_structures:villages/dark_forest/zombify",
        "projection": "rigid",
        "element_type": "minecraft:legacy_single_pool_element"
      }
    },
    {
      "weight": 2,
      "element": {
        "location": "repurposed_structures:villages/dark_forest/houses/weaponsmith_1",
        "processors": "repurposed_structures:villages/dark_forest/zombify",
        "projection": "rigid",
        "element_type": "minecraft:legacy_single_pool_element"
      }
    },
    {
      "weight": 2,
      "element": {
        "location": "repurposed_structures:villages/dark_forest/houses/temple_3",
        "processors": "repurposed_structures:villages/dark_forest/zombify",
        "projection": "rigid",
        "element_type": "minecraft:legacy_single_pool_element"
      }
    },
    {
      "weight": 2,
      "element": {
        "location": "repurposed_structures:villages/dark_forest/houses/temple_4",
        "processors": "repurposed_structures:villages/dark_forest/zombify",
        "projection": "rigid",
        "element_type": "minecraft:legacy_single_pool_element"
      }
    },
    {
      "weight": 2,
      "element": {
        "location": "repurposed_structures:villages/dark_forest/zombie/houses/stable_1",
        "processors": "repurposed_structures:villages/dark_forest/zombify",
        "projection": "rigid",
        "element_type": "minecraft:legacy_single_pool_element"
      }
    },
    {
      "weight": 2,
      "element": {
        "location": "repurposed_structures:villages/dark_forest/houses/stable_2",
        "processors": "repurposed_structures:villages/dark_forest/zombify",
        "projection": "rigid",
        "element_type": "minecraft:legacy_single_pool_element"
      }
    },
    {
      "weight": 4,
      "element": {
        "location": "repurposed_structures:villages/dark_forest/houses/large_farm_1",
        "processors": "repurposed_structures:villages/dark_forest/zombify",
        "projection": "rigid",
        "element_type": "minecraft:legacy_single_pool_element"
      }
    },
    {
      "weight": 4,
      "element": {
        "location": "repurposed_structures:villages/dark_forest/houses/small_farm_1",
        "processors": "repurposed_structures:villages/dark_forest/zombify",
        "projection": "rigid",
        "element_type": "minecraft:legacy_single_pool_element"
      }
    },
    {
      "weight": 1,
      "element": {
        "location": "repurposed_structures:villages/dark_forest/houses/animal_pen_1",
        "processors": "repurposed_structures:villages/dark_forest/zombify",
        "projection": "rigid",
        "element_type": "minecraft:legacy_single_pool_element"
      }
    },
    {
      "weight": 1,
      "element": {
        "location": "repurposed_structures:villages/dark_forest/houses/animal_pen_2",
        "processors": "repurposed_structures:villages/dark_forest/zombify",
        "projection": "rigid",
        "element_type": "minecraft:legacy_single_pool_element"
      }
    },
    {
      "weight": 5,
      "element": {
        "location": "repurposed_structures:villages/dark_forest/zombie/houses/animal_pen_3",
        "processors": "repurposed_structures:villages/dark_forest/zombify",
        "projection": "rigid",
        "element_type": "minecraft:legacy_single_pool_element"
      }
    },
    {
      "weight": 3,
      "element": {
        "location": "repurposed_structures:villages/dark_forest/zombie/houses/meeting_point_4",
        "processors": "repurposed_structures:villages/dark_forest/zombify",
        "projection": "rigid",
        "element_type": "minecraft:legacy_single_pool_element"
      }
    },
    {
      "weight": 1,
      "element": {
        "location": "repurposed_structures:villages/dark_forest/zombie/houses/meeting_point_5",
        "processors": "repurposed_structures:villages/dark_forest/zombify",
        "projection": "rigid",
        "element_type": "minecraft:legacy_single_pool_element"
      }
    },
    {
      "weight": 10,
      "element": {
        "element_type": "minecraft:empty_pool_element"
      }
    }
  ]
}