{
  "name": "repurposed_structures:outposts/end/features",
  "fallback": "minecraft:empty",
  "elements": [
    {
      "weight": 18,
      "element": {
        "location": "repurposed_structures:outposts/end/phantom_cage1",
        "processors": "minecraft:empty",
        "projection": "rigid",
        "element_type": "minecraft:single_pool_element"
      }
    },
    {
      "weight": 18,
      "element": {
        "location": "repurposed_structures:outposts/end/phantom_cage2",
        "processors": "minecraft:empty",
        "projection": "rigid",
        "element_type": "minecraft:single_pool_element"
      }
    },
    {
      "weight": 28,
      "element": {
        "location": "repurposed_structures:outposts/end/pillar_storage",
        "processors": "minecraft:empty",
        "projection": "rigid",
        "element_type": "minecraft:single_pool_element"
      }
    },
    {
      "weight": 28,
      "element": {
        "location": "repurposed_structures:outposts/end/chorus_farm1",
        "processors": "minecraft:empty",
        "projection": "rigid",
        "element_type": "minecraft:single_pool_element"
      }
    },
    {
      "weight": 28,
      "element": {
        "location": "repurposed_structures:outposts/end/chorus_farm2",
        "processors": "minecraft:empty",
        "projection": "rigid",
        "element_type": "minecraft:single_pool_element"
      }
    },
    {
      "weight": 4,
      "element": {
        "location": "repurposed_structures:outposts/end/targets",
        "processors": "minecraft:empty",
        "projection": "rigid",
        "element_type": "minecraft:single_pool_element"
      }
    },
    {
      "weight": 4,
      "element": {
        "location": "repurposed_structures:outposts/end/targets_lamp",
        "processors": "minecraft:empty",
        "projection": "rigid",
        "element_type": "minecraft:single_pool_element"
      }
    },
    {
      "weight": 1,
      "element": {
        "location": "repurposed_structures:outposts/end/targets_dragon",
        "processors": "minecraft:empty",
        "projection": "rigid",
        "element_type": "minecraft:single_pool_element"
      }
    },
    {
      "weight": 50,
      "element": {
        "element_type": "minecraft:empty_pool_element"
      }
    }
  ]
}