{
  "name": "repurposed_structures:villages/mushroom/big_mushrooms",
  "fallback": "minecraft:empty",
  "elements": [
    {
      "weight": 1,
      "element": {
        "feature": "repurposed_structures:huge_red_mushroom",
        "projection": "rigid",
        "element_type": "minecraft:feature_pool_element"
      }
    },
    {
      "weight": 1,
      "element": {
        "feature": "repurposed_structures:huge_brown_mushroom",
        "projection": "rigid",
        "element_type": "minecraft:feature_pool_element"
      }
    }
  ]
}