{
  "name": "repurposed_structures:villages/mushroom/terminators",
  "fallback": "minecraft:empty",
  "elements": [
    {
      "weight": 1,
      "element": {
        "location": "repurposed_structures:villages/mushroom/terminators/terminator_01",
        "processors": "repurposed_structures:villages/mushroom/path_randomizer",
        "projection": "terrain_matching",
        "element_type": "minecraft:legacy_single_pool_element"
      }
    },
    {
      "weight": 1,
      "element": {
        "location": "repurposed_structures:villages/mushroom/terminators/terminator_02",
        "processors": "repurposed_structures:villages/mushroom/path_randomizer",
        "projection": "terrain_matching",
        "element_type": "minecraft:legacy_single_pool_element"
      }
    },
    {
      "weight": 1,
      "element": {
        "location": "repurposed_structures:villages/mushroom/terminators/terminator_03",
        "processors": "repurposed_structures:villages/mushroom/path_randomizer",
        "projection": "terrain_matching",
        "element_type": "minecraft:legacy_single_pool_element"
      }
    },
    {
      "weight": 1,
      "element": {
        "location": "repurposed_structures:villages/mushroom/terminators/terminator_04",
        "processors": "repurposed_structures:villages/mushroom/path_randomizer",
        "projection": "terrain_matching",
        "element_type": "minecraft:legacy_single_pool_element"
      }
    }
  ]
}