{
  "name": "repurposed_structures:mineshafts/icy/main",
  "fallback": "minecraft:empty",
  "elements": [
    {
      "weight": 85,
      "element": {
        "element_type": "minecraft:empty_pool_element"
      }
    },
    {
      "weight": 10,
      "element": {
        "location": "repurposed_structures:mineshafts/icy/tunnel_rails_1",
        "processors": "repurposed_structures:mineshafts/icy_no_rails",
        "projection": "rigid",
        "element_type": "minecraft:single_pool_element"
      }
    },
    {
      "weight": 10,
      "element": {
        "location": "repurposed_structures:mineshafts/icy/tunnel_rails_2",
        "processors": "repurposed_structures:mineshafts/icy_no_rails",
        "projection": "rigid",
        "element_type": "minecraft:single_pool_element"
      }
    },
    {
      "weight": 10,
      "element": {
        "location": "repurposed_structures:mineshafts/icy/tunnel_rails_3",
        "processors": "repurposed_structures:mineshafts/icy_no_rails",
        "projection": "rigid",
        "element_type": "minecraft:single_pool_element"
      }
    },
    {
      "weight": 10,
      "element": {
        "location": "repurposed_structures:mineshafts/icy/tunnel_rails_4",
        "processors": "repurposed_structures:mineshafts/icy_no_rails",
        "projection": "rigid",
        "element_type": "minecraft:single_pool_element"
      }
    },
    {
      "weight": 10,
      "element": {
        "location": "repurposed_structures:mineshafts/icy/tunnel_rails_1",
        "processors": "repurposed_structures:mineshafts/icy_main",
        "projection": "rigid",
        "element_type": "minecraft:single_pool_element"
      }
    },
    {
      "weight": 10,
      "element": {
        "location": "repurposed_structures:mineshafts/icy/tunnel_rails_2",
        "processors": "repurposed_structures:mineshafts/icy_main",
        "projection": "rigid",
        "element_type": "minecraft:single_pool_element"
      }
    },
    {
      "weight": 10,
      "element": {
        "location": "repurposed_structures:mineshafts/icy/tunnel_rails_3",
        "processors": "repurposed_structures:mineshafts/icy_main",
        "projection": "rigid",
        "element_type": "minecraft:single_pool_element"
      }
    },
    {
      "weight": 10,
      "element": {
        "location": "repurposed_structures:mineshafts/icy/tunnel_rails_4",
        "processors": "repurposed_structures:mineshafts/icy_main",
        "projection": "rigid",
        "element_type": "minecraft:single_pool_element"
      }
    },
    {
      "weight": 15,
      "element": {
        "location": "repurposed_structures:mineshafts/icy/4_way",
        "processors": "repurposed_structures:mineshafts/icy_pillars",
        "projection": "rigid",
        "element_type": "minecraft:single_pool_element"
      }
    },
    {
      "weight": 15,
      "element": {
        "location": "repurposed_structures:mineshafts/icy/4_way_tall",
        "processors": "repurposed_structures:mineshafts/icy_pillars",
        "projection": "rigid",
        "element_type": "minecraft:single_pool_element"
      }
    },
    {
      "weight": 15,
      "element": {
        "location": "repurposed_structures:mineshafts/icy/stairs",
        "processors": "repurposed_structures:mineshafts/icy_misc",
        "projection": "rigid",
        "element_type": "minecraft:single_pool_element"
      }
    },
    {
      "weight": 1,
      "element": {
        "location": "repurposed_structures:mineshafts/icy/spawner_1",
        "processors": "repurposed_structures:mineshafts/icy_spawner",
        "projection": "rigid",
        "element_type": "minecraft:single_pool_element"
      }
    },
    {
      "weight": 1,
      "element": {
        "location": "repurposed_structures:mineshafts/icy/spawner_2",
        "processors": "repurposed_structures:mineshafts/icy_spawner",
        "projection": "rigid",
        "element_type": "minecraft:single_pool_element"
      }
    },
    {
      "weight": 1,
      "element": {
        "location": "repurposed_structures:mineshafts/icy/spawner_3_end",
        "processors": "repurposed_structures:mineshafts/icy_spawner",
        "projection": "rigid",
        "element_type": "minecraft:single_pool_element"
      }
    },
    {
      "weight": 1,
      "element": {
        "location": "repurposed_structures:mineshafts/icy/spawner_3_middle",
        "processors": "repurposed_structures:mineshafts/icy_spawner",
        "projection": "rigid",
        "element_type": "minecraft:single_pool_element"
      }
    },
    {
      "weight": 1,
      "element": {
        "location": "repurposed_structures:mineshafts/icy/spawner_4_end",
        "processors": "repurposed_structures:mineshafts/icy_spawner",
        "projection": "rigid",
        "element_type": "minecraft:single_pool_element"
      }
    },
    {
      "weight": 1,
      "element": {
        "location": "repurposed_structures:mineshafts/icy/spawner_4_middle",
        "processors": "repurposed_structures:mineshafts/icy_spawner",
        "projection": "rigid",
        "element_type": "minecraft:single_pool_element"
      }
    }
  ]
}