{
  "name": "repurposed_structures:mineshafts/icy/minecarts",
  "fallback": "repurposed_structures:mineshafts/icy/minecarts",
  "elements": [
    {
      "weight": 1,
      "element": {
        "feature": "repurposed_structures:minecarts/icy_mineshaft_minecart",
        "projection": "rigid",
        "element_type": "minecraft:feature_pool_element"
      }
    },
    {
      "weight": 50,
      "element": {
        "location": "repurposed_structures:mineshafts/icy/ice_decor",
        "processors": "repurposed_structures:mineshafts/icy_misc",
        "projection": "rigid",
        "element_type": "minecraft:single_pool_element"
      }
    },
    {
      "weight": 225,
      "element": {
        "element_type": "minecraft:empty_pool_element"
      }
    }
  ]
}