{
  "name": "repurposed_structures:villages/badlands/zombie/decor",
  "fallback": "minecraft:empty",
  "elements": [
    {
      "weight": 4,
      "element": {
        "location": "repurposed_structures:villages/badlands/decor/lamp_1",
        "processors": "repurposed_structures:villages/badlands/zombify_decor",
        "projection": "rigid",
        "element_type": "minecraft:legacy_single_pool_element"
      }
    },
    {
      "weight": 4,
      "element": {
        "location": "repurposed_structures:villages/badlands/decor/lamp_2",
        "processors": "repurposed_structures:villages/badlands/zombify_decor",
        "projection": "rigid",
        "element_type": "minecraft:legacy_single_pool_element"
      }
    },
    {
      "weight": 4,
      "element": {
        "location": "repurposed_structures:villages/badlands/decor/lamp_3",
        "processors": "repurposed_structures:villages/badlands/zombify_decor",
        "projection": "rigid",
        "element_type": "minecraft:legacy_single_pool_element"
      }
    },
    {
      "weight": 10,
      "element": {
        "feature": "repurposed_structures:patch_cactus_decorated",
        "projection": "rigid",
        "element_type": "minecraft:feature_pool_element"
      }
    },
    {
      "weight": 15,
      "element": {
        "feature": "repurposed_structures:patch_dead_bush",
        "projection": "rigid",
        "element_type": "minecraft:feature_pool_element"
      }
    },
    {
      "weight": 2,
      "element": {
        "feature": "minecraft:pile_hay",
        "projection": "rigid",
        "element_type": "minecraft:feature_pool_element"
      }
    },
    {
      "weight": 10,
      "element": {
        "element_type": "minecraft:empty_pool_element"
      }
    }
  ]
}