{
  "name": "repurposed_structures:villages/dark_forest/town_centers",
  "fallback": "minecraft:empty",
  "elements": [
    {
      "weight": 50,
      "element": {
        "location": "repurposed_structures:villages/dark_forest/town_centers/fountain_01",
        "processors": "minecraft:mossify_20_percent",
        "projection": "rigid",
        "element_type": "minecraft:legacy_single_pool_element"
      }
    },
    {
      "weight": 50,
      "element": {
        "location": "repurposed_structures:villages/dark_forest/town_centers/meeting_point_1",
        "processors": "minecraft:mossify_20_percent",
        "projection": "rigid",
        "element_type": "minecraft:legacy_single_pool_element"
      }
    },
    {
      "weight": 50,
      "element": {
        "location": "repurposed_structures:villages/dark_forest/town_centers/meeting_point_2",
        "processors": "minecraft:empty",
        "projection": "rigid",
        "element_type": "minecraft:legacy_single_pool_element"
      }
    },
    {
      "weight": 50,
      "element": {
        "location": "repurposed_structures:villages/dark_forest/town_centers/meeting_point_3",
        "processors": "minecraft:mossify_70_percent",
        "projection": "rigid",
        "element_type": "minecraft:legacy_single_pool_element"
      }
    },
    {
      "weight": 1,
      "element": {
        "location": "repurposed_structures:villages/dark_forest/zombie/town_centers/fountain_01",
        "processors": "repurposed_structures:villages/dark_forest/zombify",
        "projection": "rigid",
        "element_type": "minecraft:legacy_single_pool_element"
      }
    },
    {
      "weight": 1,
      "element": {
        "location": "repurposed_structures:villages/dark_forest/zombie/town_centers/meeting_point_1",
        "processors": "repurposed_structures:villages/dark_forest/zombify",
        "projection": "rigid",
        "element_type": "minecraft:legacy_single_pool_element"
      }
    },
    {
      "weight": 1,
      "element": {
        "location": "repurposed_structures:villages/dark_forest/zombie/town_centers/meeting_point_2",
        "processors": "repurposed_structures:villages/dark_forest/zombify",
        "projection": "rigid",
        "element_type": "minecraft:legacy_single_pool_element"
      }
    },
    {
      "weight": 1,
      "element": {
        "location": "repurposed_structures:villages/dark_forest/zombie/town_centers/meeting_point_3",
        "processors": "repurposed_structures:villages/dark_forest/zombify",
        "projection": "rigid",
        "element_type": "minecraft:legacy_single_pool_element"
      }
    }
  ]
}