{
  "name": "repurposed_structures:strongholds/end/general_pool_no_dividers",
  "fallback": "repurposed_structures:strongholds/end/terminators",
  "elements": [
    {
      "weight": 1,
      "element": {
        "location": "repurposed_structures:strongholds/end/straight",
        "processors": "repurposed_structures:strongholds/end_randomize",
        "projection": "rigid",
        "element_type": "minecraft:single_pool_element"
      }
    },
    {
      "weight": 1,
      "element": {
        "location": "repurposed_structures:strongholds/end/turn",
        "processors": "repurposed_structures:strongholds/end_randomize",
        "projection": "rigid",
        "element_type": "minecraft:single_pool_element"
      }
    },
    {
      "weight": 1,
      "element": {
        "location": "repurposed_structures:strongholds/end/3_way",
        "processors": "repurposed_structures:strongholds/end_randomize",
        "projection": "rigid",
        "element_type": "minecraft:single_pool_element"
      }
    },
    {
      "weight": 1,
      "element": {
        "location": "repurposed_structures:strongholds/end/4_way",
        "processors": "repurposed_structures:strongholds/end_randomize",
        "projection": "rigid",
        "element_type": "minecraft:single_pool_element"
      }
    },
    {
      "weight": 1,
      "element": {
        "location": "repurposed_structures:strongholds/end/stairs",
        "processors": "repurposed_structures:strongholds/end_randomize",
        "projection": "rigid",
        "element_type": "minecraft:single_pool_element"
      }
    },
    {
      "weight": 1,
      "element": {
        "location": "repurposed_structures:strongholds/end/stairs_straight",
        "processors": "repurposed_structures:strongholds/end_randomize",
        "projection": "rigid",
        "element_type": "minecraft:single_pool_element"
      }
    },
    {
      "weight": 1,
      "element": {
        "location": "repurposed_structures:strongholds/end/chest_corridor",
        "processors": "repurposed_structures:strongholds/end_randomize",
        "projection": "rigid",
        "element_type": "minecraft:single_pool_element"
      }
    },
    {
      "weight": 1,
      "element": {
        "location": "repurposed_structures:strongholds/end/empty_crossing",
        "processors": "repurposed_structures:strongholds/end_randomize",
        "projection": "rigid",
        "element_type": "minecraft:single_pool_element"
      }
    },
    {
      "weight": 1,
      "element": {
        "location": "repurposed_structures:strongholds/end/fountain_crossing",
        "processors": "repurposed_structures:strongholds/end_spawner_randomize",
        "projection": "rigid",
        "element_type": "minecraft:single_pool_element"
      }
    },
    {
      "weight": 1,
      "element": {
        "location": "repurposed_structures:strongholds/end/pillar_crossing",
        "processors": "repurposed_structures:strongholds/end_spawner_randomize",
        "projection": "rigid",
        "element_type": "minecraft:single_pool_element"
      }
    },
    {
      "weight": 1,
      "element": {
        "location": "repurposed_structures:strongholds/end/storage_crossing",
        "processors": "repurposed_structures:strongholds/end_spawner_randomize",
        "projection": "rigid",
        "element_type": "minecraft:single_pool_element"
      }
    },
    {
      "weight": 1,
      "element": {
        "location": "repurposed_structures:strongholds/end/prison",
        "processors": "repurposed_structures:strongholds/end_prison_randomize",
        "projection": "rigid",
        "element_type": "minecraft:single_pool_element"
      }
    },
    {
      "weight": 1,
      "element": {
        "location": "repurposed_structures:strongholds/end/library_big",
        "processors": "repurposed_structures:strongholds/end_library_randomize",
        "projection": "rigid",
        "element_type": "minecraft:single_pool_element"
      }
    },
    {
      "weight": 1,
      "element": {
        "location": "repurposed_structures:strongholds/end/library_small",
        "processors": "repurposed_structures:strongholds/end_library_randomize",
        "projection": "rigid",
        "element_type": "minecraft:single_pool_element"
      }
    },
    {
      "weight": 1,
      "element": {
        "location": "repurposed_structures:strongholds/end/portal_room",
        "processors": "repurposed_structures:strongholds/end_portal_room_randomize",
        "projection": "rigid",
        "element_type": "minecraft:single_pool_element"
      }
    }
  ]
}