{
  "name": "repurposed_structures:mineshafts/stone/side",
  "fallback": "minecraft:empty",
  "elements": [
    {
      "weight": 3250,
      "element": {
        "element_type": "minecraft:empty_pool_element"
      }
    },
    {
      "weight": 10,
      "element": {
        "location": "repurposed_structures:mineshafts/stone/tunnel_rails_1",
        "processors": "repurposed_structures:mineshafts/stone_no_rails",
        "projection": "rigid",
        "element_type": "minecraft:single_pool_element"
      }
    },
    {
      "weight": 10,
      "element": {
        "location": "repurposed_structures:mineshafts/stone/tunnel_rails_2",
        "processors": "repurposed_structures:mineshafts/stone_no_rails",
        "projection": "rigid",
        "element_type": "minecraft:single_pool_element"
      }
    },
    {
      "weight": 10,
      "element": {
        "location": "repurposed_structures:mineshafts/stone/tunnel_rails_3",
        "processors": "repurposed_structures:mineshafts/stone_no_rails",
        "projection": "rigid",
        "element_type": "minecraft:single_pool_element"
      }
    },
    {
      "weight": 10,
      "element": {
        "location": "repurposed_structures:mineshafts/stone/tunnel_rails_4",
        "processors": "repurposed_structures:mineshafts/stone_no_rails",
        "projection": "rigid",
        "element_type": "minecraft:single_pool_element"
      }
    },
    {
      "weight": 10,
      "element": {
        "location": "repurposed_structures:mineshafts/stone/tunnel_rails_1",
        "processors": "repurposed_structures:mineshafts/stone_main",
        "projection": "rigid",
        "element_type": "minecraft:single_pool_element"
      }
    },
    {
      "weight": 10,
      "element": {
        "location": "repurposed_structures:mineshafts/stone/tunnel_rails_2",
        "processors": "repurposed_structures:mineshafts/stone_main",
        "projection": "rigid",
        "element_type": "minecraft:single_pool_element"
      }
    },
    {
      "weight": 10,
      "element": {
        "location": "repurposed_structures:mineshafts/stone/tunnel_rails_3",
        "processors": "repurposed_structures:mineshafts/stone_main",
        "projection": "rigid",
        "element_type": "minecraft:single_pool_element"
      }
    },
    {
      "weight": 10,
      "element": {
        "location": "repurposed_structures:mineshafts/stone/tunnel_rails_4",
        "processors": "repurposed_structures:mineshafts/stone_main",
        "projection": "rigid",
        "element_type": "minecraft:single_pool_element"
      }
    },
    {
      "weight": 15,
      "element": {
        "location": "repurposed_structures:mineshafts/stone/stairs",
        "processors": "repurposed_structures:mineshafts/stone_misc",
        "projection": "rigid",
        "element_type": "minecraft:single_pool_element"
      }
    },
    {
      "weight": 1,
      "element": {
        "location": "repurposed_structures:mineshafts/stone/spawner_1",
        "processors": "repurposed_structures:mineshafts/stone_spawner",
        "projection": "rigid",
        "element_type": "minecraft:single_pool_element"
      }
    },
    {
      "weight": 1,
      "element": {
        "location": "repurposed_structures:mineshafts/stone/spawner_2",
        "processors": "repurposed_structures:mineshafts/stone_spawner",
        "projection": "rigid",
        "element_type": "minecraft:single_pool_element"
      }
    },
    {
      "weight": 1,
      "element": {
        "location": "repurposed_structures:mineshafts/stone/spawner_3_end",
        "processors": "repurposed_structures:mineshafts/stone_spawner",
        "projection": "rigid",
        "element_type": "minecraft:single_pool_element"
      }
    },
    {
      "weight": 1,
      "element": {
        "location": "repurposed_structures:mineshafts/stone/spawner_3_middle",
        "processors": "repurposed_structures:mineshafts/stone_spawner",
        "projection": "rigid",
        "element_type": "minecraft:single_pool_element"
      }
    },
    {
      "weight": 1,
      "element": {
        "location": "repurposed_structures:mineshafts/stone/spawner_4_end",
        "processors": "repurposed_structures:mineshafts/stone_spawner",
        "projection": "rigid",
        "element_type": "minecraft:single_pool_element"
      }
    },
    {
      "weight": 1,
      "element": {
        "location": "repurposed_structures:mineshafts/stone/spawner_4_middle",
        "processors": "repurposed_structures:mineshafts/stone_spawner",
        "projection": "rigid",
        "element_type": "minecraft:single_pool_element"
      }
    }
  ]
}