{
  "name": "repurposed_structures:monuments/nether/rooms/simple_pillar",
  "fallback": "minecraft:empty",
  "elements": [
    {
      "weight": 1,
      "element": {
        "location": "repurposed_structures:monuments/nether/rooms/simple_pillar_1",
        "processors": "repurposed_structures:monuments/nether_randomize",
        "projection": "rigid",
        "element_type": "minecraft:single_pool_element"
      }
    },
    {
      "weight": 1,
      "element": {
        "location": "repurposed_structures:monuments/nether/rooms/simple_pillar_2",
        "processors": "repurposed_structures:monuments/nether_randomize",
        "projection": "rigid",
        "element_type": "minecraft:single_pool_element"
      }
    }
  ]
}