{
  "name": "repurposed_structures:villages/warped/zombie/piglins",
  "fallback": "minecraft:empty",
  "elements": [
    {
      "weight": 7,
      "element": {
        "location": "repurposed_structures:villages/warped/zombie/piglins/adult_crossbow",
        "processors": "minecraft:empty",
        "projection": "rigid",
        "element_type": "minecraft:legacy_single_pool_element"
      }
    },
    {
      "weight": 7,
      "element": {
        "location": "repurposed_structures:villages/warped/zombie/piglins/adult_sword",
        "processors": "minecraft:empty",
        "projection": "rigid",
        "element_type": "minecraft:legacy_single_pool_element"
      }
    },
    {
      "weight": 1,
      "element": {
        "location": "repurposed_structures:villages/warped/zombie/piglins/baby_sword",
        "processors": "minecraft:empty",
        "projection": "rigid",
        "element_type": "minecraft:legacy_single_pool_element"
      }
    }
  ]
}