{
  "name": "repurposed_structures:mineshafts/nether/main",
  "fallback": "repurposed_structures:mineshafts/nether/fire",
  "elements": [
    {
      "weight": 85,
      "element": {
        "element_type": "minecraft:empty_pool_element"
      }
    },
    {
      "weight": 10,
      "element": {
        "location": "repurposed_structures:mineshafts/nether/tunnel_rails_1",
        "processors": "repurposed_structures:mineshafts/nether_no_rails",
        "projection": "rigid",
        "element_type": "minecraft:single_pool_element"
      }
    },
    {
      "weight": 10,
      "element": {
        "location": "repurposed_structures:mineshafts/nether/tunnel_rails_2",
        "processors": "repurposed_structures:mineshafts/nether_no_rails",
        "projection": "rigid",
        "element_type": "minecraft:single_pool_element"
      }
    },
    {
      "weight": 10,
      "element": {
        "location": "repurposed_structures:mineshafts/nether/tunnel_rails_3",
        "processors": "repurposed_structures:mineshafts/nether_no_rails",
        "projection": "rigid",
        "element_type": "minecraft:single_pool_element"
      }
    },
    {
      "weight": 10,
      "element": {
        "location": "repurposed_structures:mineshafts/nether/tunnel_rails_4",
        "processors": "repurposed_structures:mineshafts/nether_no_rails",
        "projection": "rigid",
        "element_type": "minecraft:single_pool_element"
      }
    },
    {
      "weight": 10,
      "element": {
        "location": "repurposed_structures:mineshafts/nether/tunnel_rails_1",
        "processors": "repurposed_structures:mineshafts/nether_main",
        "projection": "rigid",
        "element_type": "minecraft:single_pool_element"
      }
    },
    {
      "weight": 10,
      "element": {
        "location": "repurposed_structures:mineshafts/nether/tunnel_rails_2",
        "processors": "repurposed_structures:mineshafts/nether_main",
        "projection": "rigid",
        "element_type": "minecraft:single_pool_element"
      }
    },
    {
      "weight": 10,
      "element": {
        "location": "repurposed_structures:mineshafts/nether/tunnel_rails_3",
        "processors": "repurposed_structures:mineshafts/nether_main",
        "projection": "rigid",
        "element_type": "minecraft:single_pool_element"
      }
    },
    {
      "weight": 10,
      "element": {
        "location": "repurposed_structures:mineshafts/nether/tunnel_rails_4",
        "processors": "repurposed_structures:mineshafts/nether_main",
        "projection": "rigid",
        "element_type": "minecraft:single_pool_element"
      }
    },
    {
      "weight": 15,
      "element": {
        "location": "repurposed_structures:mineshafts/nether/4_way",
        "processors": "repurposed_structures:mineshafts/nether_misc",
        "projection": "rigid",
        "element_type": "minecraft:single_pool_element"
      }
    },
    {
      "weight": 15,
      "element": {
        "location": "repurposed_structures:mineshafts/nether/4_way_tall",
        "processors": "repurposed_structures:mineshafts/nether_misc",
        "projection": "rigid",
        "element_type": "minecraft:single_pool_element"
      }
    },
    {
      "weight": 15,
      "element": {
        "location": "repurposed_structures:mineshafts/nether/stairs",
        "processors": "repurposed_structures:mineshafts/nether_misc",
        "projection": "rigid",
        "element_type": "minecraft:single_pool_element"
      }
    },
    {
      "weight": 1,
      "element": {
        "location": "repurposed_structures:mineshafts/nether/spawner_1",
        "processors": "repurposed_structures:mineshafts/nether_spawner",
        "projection": "rigid",
        "element_type": "minecraft:single_pool_element"
      }
    },
    {
      "weight": 1,
      "element": {
        "location": "repurposed_structures:mineshafts/nether/spawner_2",
        "processors": "repurposed_structures:mineshafts/nether_spawner",
        "projection": "rigid",
        "element_type": "minecraft:single_pool_element"
      }
    },
    {
      "weight": 1,
      "element": {
        "location": "repurposed_structures:mineshafts/nether/spawner_3_end",
        "processors": "repurposed_structures:mineshafts/nether_spawner",
        "projection": "rigid",
        "element_type": "minecraft:single_pool_element"
      }
    },
    {
      "weight": 1,
      "element": {
        "location": "repurposed_structures:mineshafts/nether/spawner_3_middle",
        "processors": "repurposed_structures:mineshafts/nether_spawner",
        "projection": "rigid",
        "element_type": "minecraft:single_pool_element"
      }
    },
    {
      "weight": 1,
      "element": {
        "location": "repurposed_structures:mineshafts/nether/spawner_4_end",
        "processors": "repurposed_structures:mineshafts/nether_spawner",
        "projection": "rigid",
        "element_type": "minecraft:single_pool_element"
      }
    },
    {
      "weight": 1,
      "element": {
        "location": "repurposed_structures:mineshafts/nether/spawner_4_middle",
        "processors": "repurposed_structures:mineshafts/nether_spawner",
        "projection": "rigid",
        "element_type": "minecraft:single_pool_element"
      }
    }
  ]
}