{
  "name": "repurposed_structures:mineshafts/nether/minecarts",
  "fallback": "repurposed_structures:mineshafts/nether/minecarts",
  "elements": [
    {
      "weight": 1,
      "element": {
        "feature": "repurposed_structures:minecarts/nether_mineshaft_minecart",
        "projection": "rigid",
        "element_type": "minecraft:feature_pool_element"
      }
    },
    {
      "weight": 224,
      "element": {
        "element_type": "minecraft:empty_pool_element"
      }
    }
  ]
}