{
  "name": "repurposed_structures:villages/swamp/houses",
  "fallback": "repurposed_structures:villages/swamp/vines",
  "elements": [
    {
      "weight": 1,
      "element": {
        "location": "repurposed_structures:villages/swamp/houses/animal_pen_1",
        "processors": "minecraft:empty",
        "projection": "rigid",
        "element_type": "minecraft:single_pool_element"
      }
    },
    {
      "weight": 1,
      "element": {
        "location": "repurposed_structures:villages/swamp/houses/animal_pen_2",
        "processors": "minecraft:empty",
        "projection": "rigid",
        "element_type": "minecraft:single_pool_element"
      }
    },
    {
      "weight": 2,
      "element": {
        "location": "repurposed_structures:villages/swamp/houses/armorer_house_1",
        "processors": "repurposed_structures:villages/swamp/mossify",
        "projection": "rigid",
        "element_type": "minecraft:single_pool_element"
      }
    },
    {
      "weight": 2,
      "element": {
        "location": "repurposed_structures:villages/swamp/houses/armorer_house_2",
        "processors": "repurposed_structures:villages/swamp/mossify",
        "projection": "rigid",
        "element_type": "minecraft:single_pool_element"
      }
    },
    {
      "weight": 2,
      "element": {
        "location": "repurposed_structures:villages/swamp/houses/butcher_shop_1",
        "processors": "repurposed_structures:villages/swamp/mossify",
        "projection": "rigid",
        "element_type": "minecraft:single_pool_element"
      }
    },
    {
      "weight": 2,
      "element": {
        "location": "repurposed_structures:villages/swamp/houses/butcher_shop_2",
        "processors": "repurposed_structures:villages/swamp/mossify",
        "projection": "rigid",
        "element_type": "minecraft:single_pool_element"
      }
    },
    {
      "weight": 1,
      "element": {
        "location": "repurposed_structures:villages/swamp/houses/cartographer_house_1",
        "processors": "repurposed_structures:villages/swamp/mossify",
        "projection": "rigid",
        "element_type": "minecraft:single_pool_element"
      }
    },
    {
      "weight": 2,
      "element": {
        "location": "repurposed_structures:villages/swamp/houses/farm_1",
        "processors": "repurposed_structures:villages/swamp/crop_randomizer",
        "projection": "rigid",
        "element_type": "minecraft:single_pool_element"
      }
    },
    {
      "weight": 2,
      "element": {
        "location": "repurposed_structures:villages/swamp/houses/farm_2",
        "processors": "repurposed_structures:villages/swamp/crop_randomizer",
        "projection": "rigid",
        "element_type": "minecraft:single_pool_element"
      }
    },
    {
      "weight": 2,
      "element": {
        "location": "repurposed_structures:villages/swamp/houses/fisher_cottage",
        "processors": "repurposed_structures:villages/swamp/mossify",
        "projection": "rigid",
        "element_type": "minecraft:single_pool_element"
      }
    },
    {
      "weight": 2,
      "element": {
        "location": "repurposed_structures:villages/swamp/houses/fletcher_house_1",
        "processors": "repurposed_structures:villages/swamp/mossify",
        "projection": "rigid",
        "element_type": "minecraft:single_pool_element"
      }
    },
    {
      "weight": 1,
      "element": {
        "location": "repurposed_structures:villages/swamp/houses/library_1",
        "processors": "repurposed_structures:villages/swamp/mossify",
        "projection": "rigid",
        "element_type": "minecraft:single_pool_element"
      }
    },
    {
      "weight": 2,
      "element": {
        "location": "repurposed_structures:villages/swamp/houses/masons_house_1",
        "processors": "repurposed_structures:villages/swamp/mossify",
        "projection": "rigid",
        "element_type": "minecraft:single_pool_element"
      }
    },
    {
      "weight": 2,
      "element": {
        "location": "repurposed_structures:villages/swamp/houses/masons_house_2",
        "processors": "repurposed_structures:villages/swamp/mossify",
        "projection": "rigid",
        "element_type": "minecraft:single_pool_element"
      }
    },
    {
      "weight": 3,
      "element": {
        "location": "repurposed_structures:villages/swamp/houses/medium_house_1",
        "processors": "repurposed_structures:villages/swamp/mossify",
        "projection": "rigid",
        "element_type": "minecraft:single_pool_element"
      }
    },
    {
      "weight": 3,
      "element": {
        "location": "repurposed_structures:villages/swamp/houses/medium_house_2",
        "processors": "repurposed_structures:villages/swamp/mossify",
        "projection": "rigid",
        "element_type": "minecraft:single_pool_element"
      }
    },
    {
      "weight": 3,
      "element": {
        "location": "repurposed_structures:villages/swamp/houses/medium_house_3",
        "processors": "repurposed_structures:villages/swamp/mossify",
        "projection": "rigid",
        "element_type": "minecraft:single_pool_element"
      }
    },
    {
      "weight": 1,
      "element": {
        "location": "repurposed_structures:villages/swamp/houses/shepherds_house_1",
        "processors": "minecraft:empty",
        "projection": "rigid",
        "element_type": "minecraft:single_pool_element"
      }
    },
    {
      "weight": 3,
      "element": {
        "location": "repurposed_structures:villages/swamp/houses/small_house_1",
        "processors": "repurposed_structures:villages/swamp/mossify",
        "projection": "rigid",
        "element_type": "minecraft:single_pool_element"
      }
    },
    {
      "weight": 3,
      "element": {
        "location": "repurposed_structures:villages/swamp/houses/small_house_2",
        "processors": "repurposed_structures:villages/swamp/mossify",
        "projection": "rigid",
        "element_type": "minecraft:single_pool_element"
      }
    },
    {
      "weight": 3,
      "element": {
        "location": "repurposed_structures:villages/swamp/houses/small_house_3",
        "processors": "repurposed_structures:villages/swamp/mossify",
        "projection": "rigid",
        "element_type": "minecraft:single_pool_element"
      }
    },
    {
      "weight": 3,
      "element": {
        "location": "repurposed_structures:villages/swamp/houses/small_house_4",
        "processors": "repurposed_structures:villages/swamp/mossify",
        "projection": "rigid",
        "element_type": "minecraft:single_pool_element"
      }
    },
    {
      "weight": 3,
      "element": {
        "location": "repurposed_structures:villages/swamp/houses/small_house_5",
        "processors": "repurposed_structures:villages/swamp/mossify",
        "projection": "rigid",
        "element_type": "minecraft:single_pool_element"
      }
    },
    {
      "weight": 2,
      "element": {
        "location": "repurposed_structures:villages/swamp/houses/small_house_6",
        "processors": "repurposed_structures:villages/swamp/mossify",
        "projection": "rigid",
        "element_type": "minecraft:single_pool_element"
      }
    },
    {
      "weight": 3,
      "element": {
        "location": "repurposed_structures:villages/swamp/houses/small_house_7",
        "processors": "repurposed_structures:villages/swamp/mossify",
        "projection": "rigid",
        "element_type": "minecraft:single_pool_element"
      }
    },
    {
      "weight": 4,
      "element": {
        "location": "repurposed_structures:villages/swamp/houses/small_house_8",
        "processors": "repurposed_structures:villages/swamp/mossify",
        "projection": "rigid",
        "element_type": "minecraft:single_pool_element"
      }
    },
    {
      "weight": 4,
      "element": {
        "location": "repurposed_structures:villages/swamp/houses/tannery_1",
        "processors": "repurposed_structures:villages/swamp/mossify",
        "projection": "rigid",
        "element_type": "minecraft:single_pool_element"
      }
    },
    {
      "weight": 5,
      "element": {
        "location": "repurposed_structures:villages/swamp/houses/temple_1",
        "processors": "repurposed_structures:villages/swamp/mossify",
        "projection": "rigid",
        "element_type": "minecraft:single_pool_element"
      }
    },
    {
      "weight": 1,
      "element": {
        "location": "repurposed_structures:villages/swamp/houses/tool_smith_1",
        "processors": "repurposed_structures:villages/swamp/mossify",
        "projection": "rigid",
        "element_type": "minecraft:single_pool_element"
      }
    },
    {
      "weight": 1,
      "element": {
        "location": "repurposed_structures:villages/swamp/houses/weapon_smith_1",
        "processors": "repurposed_structures:villages/swamp/mossify",
        "projection": "rigid",
        "element_type": "minecraft:single_pool_element"
      }
    },
    {
      "weight": 10,
      "element": {
        "element_type": "minecraft:empty_pool_element"
      }
    }
  ]
}