{
  "name": "repurposed_structures:villages/jungle/zombie/decor",
  "fallback": "minecraft:empty",
  "elements": [
    {
      "weight": 1,
      "element": {
        "location": "repurposed_structures:villages/jungle/decor/lamp_1",
        "processors": "repurposed_structures:villages/jungle/zombify",
        "projection": "rigid",
        "element_type": "minecraft:legacy_single_pool_element"
      }
    },
    {
      "weight": 1,
      "element": {
        "feature": "minecraft:jungle_tree",
        "projection": "rigid",
        "element_type": "minecraft:feature_pool_element"
      }
    },
    {
      "weight": 1,
      "element": {
        "feature": "repurposed_structures:flower_forest_flowers",
        "projection": "rigid",
        "element_type": "minecraft:feature_pool_element"
      }
    },
    {
      "weight": 1,
      "element": {
        "feature": "minecraft:pile_melon",
        "projection": "rigid",
        "element_type": "minecraft:feature_pool_element"
      }
    },
    {
      "weight": 2,
      "element": {
        "element_type": "minecraft:empty_pool_element"
      }
    }
  ]
}