{
  "name": "repurposed_structures:villages/jungle/zombie/houses",
  "fallback": "repurposed_structures:villages/jungle/terminators",
  "elements": [
    {
      "weight": 3,
      "element": {
        "location": "repurposed_structures:villages/jungle/zombie/houses/animal_pen_2",
        "processors": "repurposed_structures:villages/jungle/zombify",
        "projection": "rigid",
        "element_type": "minecraft:legacy_single_pool_element"
      }
    },
    {
      "weight": 3,
      "element": {
        "location": "repurposed_structures:villages/jungle/houses/animal_pen_3",
        "processors": "repurposed_structures:villages/jungle/zombify",
        "projection": "rigid",
        "element_type": "minecraft:legacy_single_pool_element"
      }
    },
    {
      "weight": 1,
      "element": {
        "location": "repurposed_structures:villages/jungle/houses/armorer_1",
        "processors": "repurposed_structures:villages/jungle/zombify",
        "projection": "rigid",
        "element_type": "minecraft:legacy_single_pool_element"
      }
    },
    {
      "weight": 3,
      "element": {
        "location": "repurposed_structures:villages/jungle/houses/butcher_shop_1",
        "processors": "repurposed_structures:villages/jungle/zombify",
        "projection": "rigid",
        "element_type": "minecraft:legacy_single_pool_element"
      }
    },
    {
      "weight": 3,
      "element": {
        "location": "repurposed_structures:villages/jungle/houses/butcher_shop_2",
        "processors": "repurposed_structures:villages/jungle/zombify",
        "projection": "rigid",
        "element_type": "minecraft:legacy_single_pool_element"
      }
    },
    {
      "weight": 3,
      "element": {
        "location": "repurposed_structures:villages/jungle/houses/cartographer_1",
        "processors": "repurposed_structures:villages/jungle/zombify",
        "projection": "rigid",
        "element_type": "minecraft:legacy_single_pool_element"
      }
    },
    {
      "weight": 4,
      "element": {
        "location": "repurposed_structures:villages/jungle/houses/fisher_cottage_1",
        "processors": "repurposed_structures:villages/jungle/zombify",
        "projection": "rigid",
        "element_type": "minecraft:legacy_single_pool_element"
      }
    },
    {
      "weight": 2,
      "element": {
        "location": "repurposed_structures:villages/jungle/houses/fletcher_house_1",
        "processors": "repurposed_structures:villages/jungle/zombify",
        "projection": "rigid",
        "element_type": "minecraft:legacy_single_pool_element"
      }
    },
    {
      "weight": 4,
      "element": {
        "location": "repurposed_structures:villages/jungle/houses/large_farm_1",
        "processors": "repurposed_structures:villages/jungle/crop_randomizer",
        "projection": "rigid",
        "element_type": "minecraft:legacy_single_pool_element"
      }
    },
    {
      "weight": 4,
      "element": {
        "location": "repurposed_structures:villages/jungle/zombie/houses/large_farm_2",
        "processors": "repurposed_structures:villages/jungle/crop_randomizer",
        "projection": "rigid",
        "element_type": "minecraft:legacy_single_pool_element"
      }
    },
    {
      "weight": 2,
      "element": {
        "location": "repurposed_structures:villages/jungle/houses/library_1",
        "processors": "repurposed_structures:villages/jungle/zombify",
        "projection": "rigid",
        "element_type": "minecraft:legacy_single_pool_element"
      }
    },
    {
      "weight": 2,
      "element": {
        "location": "repurposed_structures:villages/jungle/houses/masons_1",
        "processors": "repurposed_structures:villages/jungle/zombify",
        "projection": "rigid",
        "element_type": "minecraft:legacy_single_pool_element"
      }
    },
    {
      "weight": 4,
      "element": {
        "location": "repurposed_structures:villages/jungle/zombie/houses/medium_house_1",
        "processors": "repurposed_structures:villages/jungle/zombify",
        "projection": "rigid",
        "element_type": "minecraft:legacy_single_pool_element"
      }
    },
    {
      "weight": 4,
      "element": {
        "location": "repurposed_structures:villages/jungle/zombie/houses/medium_house_2",
        "processors": "repurposed_structures:villages/jungle/zombify",
        "projection": "rigid",
        "element_type": "minecraft:legacy_single_pool_element"
      }
    },
    {
      "weight": 1,
      "element": {
        "location": "repurposed_structures:villages/jungle/houses/shepherds_1",
        "processors": "repurposed_structures:villages/jungle/zombify",
        "projection": "rigid",
        "element_type": "minecraft:legacy_single_pool_element"
      }
    },
    {
      "weight": 4,
      "element": {
        "location": "repurposed_structures:villages/jungle/houses/small_farm",
        "processors": "repurposed_structures:villages/jungle/crop_randomizer",
        "projection": "rigid",
        "element_type": "minecraft:legacy_single_pool_element"
      }
    },
    {
      "weight": 3,
      "element": {
        "location": "repurposed_structures:villages/jungle/zombie/houses/small_house_1",
        "processors": "repurposed_structures:villages/jungle/zombify",
        "projection": "rigid",
        "element_type": "minecraft:legacy_single_pool_element"
      }
    },
    {
      "weight": 3,
      "element": {
        "location": "repurposed_structures:villages/jungle/zombie/houses/small_house_2",
        "processors": "repurposed_structures:villages/jungle/zombify",
        "projection": "rigid",
        "element_type": "minecraft:legacy_single_pool_element"
      }
    },
    {
      "weight": 3,
      "element": {
        "location": "repurposed_structures:villages/jungle/zombie/houses/small_house_3",
        "processors": "repurposed_structures:villages/jungle/zombify",
        "projection": "rigid",
        "element_type": "minecraft:legacy_single_pool_element"
      }
    },
    {
      "weight": 3,
      "element": {
        "location": "repurposed_structures:villages/jungle/zombie/houses/small_house_4",
        "processors": "repurposed_structures:villages/jungle/zombify",
        "projection": "rigid",
        "element_type": "minecraft:legacy_single_pool_element"
      }
    },
    {
      "weight": 3,
      "element": {
        "location": "repurposed_structures:villages/jungle/zombie/houses/small_house_5",
        "processors": "repurposed_structures:villages/jungle/zombify",
        "projection": "rigid",
        "element_type": "minecraft:legacy_single_pool_element"
      }
    },
    {
      "weight": 2,
      "element": {
        "location": "repurposed_structures:villages/jungle/zombie/houses/small_house_6",
        "processors": "repurposed_structures:villages/jungle/zombify",
        "projection": "rigid",
        "element_type": "minecraft:legacy_single_pool_element"
      }
    },
    {
      "weight": 3,
      "element": {
        "location": "repurposed_structures:villages/jungle/zombie/houses/small_house_7",
        "processors": "repurposed_structures:villages/jungle/zombify",
        "projection": "rigid",
        "element_type": "minecraft:legacy_single_pool_element"
      }
    },
    {
      "weight": 4,
      "element": {
        "location": "repurposed_structures:villages/jungle/zombie/houses/small_house_8",
        "processors": "repurposed_structures:villages/jungle/zombify",
        "projection": "rigid",
        "element_type": "minecraft:legacy_single_pool_element"
      }
    },
    {
      "weight": 1,
      "element": {
        "location": "repurposed_structures:villages/jungle/houses/tannery_1",
        "processors": "repurposed_structures:villages/jungle/zombify",
        "projection": "rigid",
        "element_type": "minecraft:legacy_single_pool_element"
      }
    },
    {
      "weight": 2,
      "element": {
        "location": "repurposed_structures:villages/jungle/houses/temple_1",
        "processors": "repurposed_structures:villages/jungle/zombify",
        "projection": "rigid",
        "element_type": "minecraft:legacy_single_pool_element"
      }
    },
    {
      "weight": 2,
      "element": {
        "location": "repurposed_structures:villages/jungle/houses/temple_2",
        "processors": "repurposed_structures:villages/jungle/zombify",
        "projection": "rigid",
        "element_type": "minecraft:legacy_single_pool_element"
      }
    },
    {
      "weight": 3,
      "element": {
        "location": "repurposed_structures:villages/jungle/houses/tool_smith_1",
        "processors": "repurposed_structures:villages/jungle/zombify",
        "projection": "rigid",
        "element_type": "minecraft:legacy_single_pool_element"
      }
    },
    {
      "weight": 3,
      "element": {
        "location": "repurposed_structures:villages/jungle/houses/weaponsmith_1",
        "processors": "repurposed_structures:villages/jungle/zombify",
        "projection": "rigid",
        "element_type": "minecraft:legacy_single_pool_element"
      }
    },
    {
      "weight": 3,
      "element": {
        "location": "repurposed_structures:villages/jungle/houses/weaponsmith_2",
        "processors": "repurposed_structures:villages/jungle/zombify",
        "projection": "rigid",
        "element_type": "minecraft:legacy_single_pool_element"
      }
    },
    {
      "weight": 10,
      "element": {
        "element_type": "minecraft:empty_pool_element"
      }
    }
  ]
}