{
  "name": "repurposed_structures:villages/warped/town_centers",
  "fallback": "minecraft:empty",
  "elements": [
    {
      "weight": 50,
      "element": {
        "location": "repurposed_structures:villages/warped/town_centers/fountain_01",
        "processors": "repurposed_structures:villages/warped/cracked_blackstone_randomizer",
        "projection": "rigid",
        "element_type": "minecraft:legacy_single_pool_element"
      }
    },
    {
      "weight": 50,
      "element": {
        "location": "repurposed_structures:villages/warped/town_centers/meeting_point_1",
        "processors": "repurposed_structures:villages/warped/cracked_blackstone_randomizer",
        "projection": "rigid",
        "element_type": "minecraft:legacy_single_pool_element"
      }
    },
    {
      "weight": 50,
      "element": {
        "location": "repurposed_structures:villages/warped/town_centers/meeting_point_2",
        "processors": "minecraft:empty",
        "projection": "rigid",
        "element_type": "minecraft:legacy_single_pool_element"
      }
    },
    {
      "weight": 50,
      "element": {
        "location": "repurposed_structures:villages/warped/town_centers/meeting_point_3",
        "processors": "repurposed_structures:villages/warped/very_cracked_blackstone_randomizer",
        "projection": "rigid",
        "element_type": "minecraft:legacy_single_pool_element"
      }
    },
    {
      "weight": 1,
      "element": {
        "location": "repurposed_structures:villages/warped/zombie/town_centers/fountain_01",
        "processors": "repurposed_structures:villages/warped/zombify",
        "projection": "rigid",
        "element_type": "minecraft:legacy_single_pool_element"
      }
    },
    {
      "weight": 1,
      "element": {
        "location": "repurposed_structures:villages/warped/zombie/town_centers/meeting_point_1",
        "processors": "repurposed_structures:villages/warped/zombify",
        "projection": "rigid",
        "element_type": "minecraft:legacy_single_pool_element"
      }
    },
    {
      "weight": 1,
      "element": {
        "location": "repurposed_structures:villages/warped/zombie/town_centers/meeting_point_2",
        "processors": "repurposed_structures:villages/warped/zombify",
        "projection": "rigid",
        "element_type": "minecraft:legacy_single_pool_element"
      }
    },
    {
      "weight": 1,
      "element": {
        "location": "repurposed_structures:villages/warped/zombie/town_centers/meeting_point_3",
        "processors": "repurposed_structures:villages/warped/zombify",
        "projection": "rigid",
        "element_type": "minecraft:legacy_single_pool_element"
      }
    }
  ]
}