{
  "name": "repurposed_structures:mineshafts/warped/main_start",
  "fallback": "repurposed_structures:mineshafts/warped/plants",
  "elements": [
    {
      "weight": 1000,
      "element": {
        "element_type": "minecraft:empty_pool_element"
      }
    },
    {
      "weight": 10,
      "element": {
        "location": "repurposed_structures:mineshafts/warped/tunnel_rails_1",
        "processors": "repurposed_structures:mineshafts/warped_no_rails",
        "projection": "rigid",
        "element_type": "minecraft:single_pool_element"
      }
    },
    {
      "weight": 10,
      "element": {
        "location": "repurposed_structures:mineshafts/warped/tunnel_rails_2",
        "processors": "repurposed_structures:mineshafts/warped_no_rails",
        "projection": "rigid",
        "element_type": "minecraft:single_pool_element"
      }
    },
    {
      "weight": 10,
      "element": {
        "location": "repurposed_structures:mineshafts/warped/tunnel_rails_3",
        "processors": "repurposed_structures:mineshafts/warped_no_rails",
        "projection": "rigid",
        "element_type": "minecraft:single_pool_element"
      }
    },
    {
      "weight": 10,
      "element": {
        "location": "repurposed_structures:mineshafts/warped/tunnel_rails_4",
        "processors": "repurposed_structures:mineshafts/warped_no_rails",
        "projection": "rigid",
        "element_type": "minecraft:single_pool_element"
      }
    },
    {
      "weight": 10,
      "element": {
        "location": "repurposed_structures:mineshafts/warped/tunnel_rails_1",
        "processors": "repurposed_structures:mineshafts/warped_main",
        "projection": "rigid",
        "element_type": "minecraft:single_pool_element"
      }
    },
    {
      "weight": 10,
      "element": {
        "location": "repurposed_structures:mineshafts/warped/tunnel_rails_2",
        "processors": "repurposed_structures:mineshafts/warped_main",
        "projection": "rigid",
        "element_type": "minecraft:single_pool_element"
      }
    },
    {
      "weight": 10,
      "element": {
        "location": "repurposed_structures:mineshafts/warped/tunnel_rails_3",
        "processors": "repurposed_structures:mineshafts/warped_main",
        "projection": "rigid",
        "element_type": "minecraft:single_pool_element"
      }
    },
    {
      "weight": 10,
      "element": {
        "location": "repurposed_structures:mineshafts/warped/tunnel_rails_4",
        "processors": "repurposed_structures:mineshafts/warped_main",
        "projection": "rigid",
        "element_type": "minecraft:single_pool_element"
      }
    },
    {
      "weight": 15,
      "element": {
        "location": "repurposed_structures:mineshafts/warped/4_way",
        "processors": "repurposed_structures:mineshafts/warped_misc",
        "projection": "rigid",
        "element_type": "minecraft:single_pool_element"
      }
    },
    {
      "weight": 15,
      "element": {
        "location": "repurposed_structures:mineshafts/warped/4_way_tall",
        "processors": "repurposed_structures:mineshafts/warped_misc",
        "projection": "rigid",
        "element_type": "minecraft:single_pool_element"
      }
    },
    {
      "weight": 15,
      "element": {
        "location": "repurposed_structures:mineshafts/warped/stairs",
        "processors": "repurposed_structures:mineshafts/warped_misc",
        "projection": "rigid",
        "element_type": "minecraft:single_pool_element"
      }
    },
    {
      "weight": 1,
      "element": {
        "location": "repurposed_structures:mineshafts/warped/spawner_1",
        "processors": "repurposed_structures:mineshafts/warped_spawner",
        "projection": "rigid",
        "element_type": "minecraft:single_pool_element"
      }
    },
    {
      "weight": 1,
      "element": {
        "location": "repurposed_structures:mineshafts/warped/spawner_2",
        "processors": "repurposed_structures:mineshafts/warped_spawner",
        "projection": "rigid",
        "element_type": "minecraft:single_pool_element"
      }
    },
    {
      "weight": 1,
      "element": {
        "location": "repurposed_structures:mineshafts/warped/spawner_3_end",
        "processors": "repurposed_structures:mineshafts/warped_spawner",
        "projection": "rigid",
        "element_type": "minecraft:single_pool_element"
      }
    },
    {
      "weight": 1,
      "element": {
        "location": "repurposed_structures:mineshafts/warped/spawner_3_middle",
        "processors": "repurposed_structures:mineshafts/warped_spawner",
        "projection": "rigid",
        "element_type": "minecraft:single_pool_element"
      }
    },
    {
      "weight": 1,
      "element": {
        "location": "repurposed_structures:mineshafts/warped/spawner_4_end",
        "processors": "repurposed_structures:mineshafts/warped_spawner",
        "projection": "rigid",
        "element_type": "minecraft:single_pool_element"
      }
    },
    {
      "weight": 1,
      "element": {
        "location": "repurposed_structures:mineshafts/warped/spawner_4_middle",
        "processors": "repurposed_structures:mineshafts/warped_spawner",
        "projection": "rigid",
        "element_type": "minecraft:single_pool_element"
      }
    }
  ]
}