{
  "name": "repurposed_structures:villages/mountains/zombie/decor",
  "fallback": "minecraft:empty",
  "elements": [
    {
      "weight": 1,
      "element": {
        "location": "repurposed_structures:villages/mountains/decor/lamp_post_1",
        "processors": "repurposed_structures:villages/mountains/zombify",
        "projection": "rigid",
        "element_type": "minecraft:legacy_single_pool_element"
      }
    },
    {
      "weight": 1,
      "element": {
        "location": "repurposed_structures:villages/mountains/decor/decoration_1",
        "processors": "minecraft:empty",
        "projection": "rigid",
        "element_type": "minecraft:legacy_single_pool_element"
      }
    },
    {
      "weight": 1,
      "element": {
        "location": "repurposed_structures:villages/mountains/decor/decoration_2",
        "processors": "minecraft:empty",
        "projection": "rigid",
        "element_type": "minecraft:legacy_single_pool_element"
      }
    },
    {
      "weight": 1,
      "element": {
        "location": "repurposed_structures:villages/mountains/decor/decoration_3",
        "processors": "minecraft:empty",
        "projection": "rigid",
        "element_type": "minecraft:legacy_single_pool_element"
      }
    },
    {
      "weight": 1,
      "element": {
        "location": "repurposed_structures:villages/mountains/decor/decoration_4",
        "processors": "minecraft:empty",
        "projection": "rigid",
        "element_type": "minecraft:legacy_single_pool_element"
      }
    },
    {
      "weight": 1,
      "element": {
        "location": "repurposed_structures:villages/mountains/decor/decoration_5",
        "processors": "minecraft:empty",
        "projection": "rigid",
        "element_type": "minecraft:legacy_single_pool_element"
      }
    },
    {
      "weight": 1,
      "element": {
        "location": "repurposed_structures:villages/mountains/decor/decoration_6",
        "processors": "minecraft:empty",
        "projection": "rigid",
        "element_type": "minecraft:legacy_single_pool_element"
      }
    },
    {
      "weight": 2,
      "element": {
        "feature": "minecraft:pine",
        "projection": "rigid",
        "element_type": "minecraft:feature_pool_element"
      }
    },
    {
      "weight": 2,
      "element": {
        "feature": "repurposed_structures:flower_default",
        "projection": "rigid",
        "element_type": "minecraft:feature_pool_element"
      }
    },
    {
      "weight": 2,
      "element": {
        "feature": "repurposed_structures:pile_cobblestone",
        "projection": "rigid",
        "element_type": "minecraft:feature_pool_element"
      }
    },
    {
      "weight": 2,
      "element": {
        "element_type": "minecraft:empty_pool_element"
      }
    }
  ]
}