{
  "name": "repurposed_structures:villages/mountains/zombie/houses",
  "fallback": "repurposed_structures:villages/mountains/terminators",
  "elements": [
    {
      "weight": 6,
      "element": {
        "location": "repurposed_structures:villages/mountains/zombie/houses/small_house_1",
        "processors": "repurposed_structures:villages/mountains/zombify",
        "projection": "rigid",
        "element_type": "minecraft:legacy_single_pool_element"
      }
    },
    {
      "weight": 6,
      "element": {
        "location": "repurposed_structures:villages/mountains/zombie/houses/small_house_2",
        "processors": "repurposed_structures:villages/mountains/zombify",
        "projection": "rigid",
        "element_type": "minecraft:legacy_single_pool_element"
      }
    },
    {
      "weight": 6,
      "element": {
        "location": "repurposed_structures:villages/mountains/zombie/houses/small_house_3",
        "processors": "repurposed_structures:villages/mountains/zombify",
        "projection": "rigid",
        "element_type": "minecraft:legacy_single_pool_element"
      }
    },
    {
      "weight": 6,
      "element": {
        "location": "repurposed_structures:villages/mountains/zombie/houses/small_house_4",
        "processors": "repurposed_structures:villages/mountains/zombify",
        "projection": "rigid",
        "element_type": "minecraft:legacy_single_pool_element"
      }
    },
    {
      "weight": 6,
      "element": {
        "location": "repurposed_structures:villages/mountains/zombie/houses/small_house_5",
        "processors": "repurposed_structures:villages/mountains/zombify",
        "projection": "rigid",
        "element_type": "minecraft:legacy_single_pool_element"
      }
    },
    {
      "weight": 6,
      "element": {
        "location": "repurposed_structures:villages/mountains/zombie/houses/medium_house_1",
        "processors": "repurposed_structures:villages/mountains/zombify",
        "projection": "rigid",
        "element_type": "minecraft:legacy_single_pool_element"
      }
    },
    {
      "weight": 6,
      "element": {
        "location": "repurposed_structures:villages/mountains/zombie/houses/medium_house_2",
        "processors": "repurposed_structures:villages/mountains/zombify",
        "projection": "rigid",
        "element_type": "minecraft:legacy_single_pool_element"
      }
    },
    {
      "weight": 6,
      "element": {
        "location": "repurposed_structures:villages/mountains/zombie/houses/medium_house_3",
        "processors": "repurposed_structures:villages/mountains/zombify",
        "projection": "rigid",
        "element_type": "minecraft:legacy_single_pool_element"
      }
    },
    {
      "weight": 6,
      "element": {
        "location": "repurposed_structures:villages/mountains/zombie/houses/medium_house_4",
        "processors": "repurposed_structures:villages/mountains/zombify",
        "projection": "rigid",
        "element_type": "minecraft:legacy_single_pool_element"
      }
    },
    {
      "weight": 2,
      "element": {
        "location": "repurposed_structures:villages/mountains/houses/butcher_shop_1",
        "processors": "repurposed_structures:villages/mountains/zombify",
        "projection": "rigid",
        "element_type": "minecraft:legacy_single_pool_element"
      }
    },
    {
      "weight": 2,
      "element": {
        "location": "repurposed_structures:villages/mountains/zombie/houses/tool_smith_1",
        "processors": "repurposed_structures:villages/mountains/zombify",
        "projection": "rigid",
        "element_type": "minecraft:legacy_single_pool_element"
      }
    },
    {
      "weight": 2,
      "element": {
        "location": "repurposed_structures:villages/mountains/houses/fletcher_house_1",
        "processors": "repurposed_structures:villages/mountains/zombify",
        "projection": "rigid",
        "element_type": "minecraft:legacy_single_pool_element"
      }
    },
    {
      "weight": 2,
      "element": {
        "location": "repurposed_structures:villages/mountains/zombie/houses/shepherds_house_1",
        "processors": "repurposed_structures:villages/mountains/zombify",
        "projection": "rigid",
        "element_type": "minecraft:legacy_single_pool_element"
      }
    },
    {
      "weight": 1,
      "element": {
        "location": "repurposed_structures:villages/mountains/houses/armorer_house_1",
        "processors": "repurposed_structures:villages/mountains/zombify",
        "projection": "rigid",
        "element_type": "minecraft:legacy_single_pool_element"
      }
    },
    {
      "weight": 2,
      "element": {
        "location": "repurposed_structures:villages/mountains/zombie/houses/fisher_cottage_1",
        "processors": "repurposed_structures:villages/mountains/zombify",
        "projection": "rigid",
        "element_type": "minecraft:legacy_single_pool_element"
      }
    },
    {
      "weight": 2,
      "element": {
        "location": "repurposed_structures:villages/mountains/houses/tannery_1",
        "processors": "repurposed_structures:villages/mountains/zombify",
        "projection": "rigid",
        "element_type": "minecraft:legacy_single_pool_element"
      }
    },
    {
      "weight": 2,
      "element": {
        "location": "repurposed_structures:villages/mountains/zombie/houses/cartographer_house_1",
        "processors": "repurposed_structures:villages/mountains/zombify",
        "projection": "rigid",
        "element_type": "minecraft:legacy_single_pool_element"
      }
    },
    {
      "weight": 2,
      "element": {
        "location": "repurposed_structures:villages/mountains/zombie/houses/library_1",
        "processors": "repurposed_structures:villages/mountains/zombify",
        "projection": "rigid",
        "element_type": "minecraft:legacy_single_pool_element"
      }
    },
    {
      "weight": 2,
      "element": {
        "location": "repurposed_structures:villages/mountains/houses/masons_house_1",
        "processors": "repurposed_structures:villages/mountains/zombify",
        "projection": "rigid",
        "element_type": "minecraft:legacy_single_pool_element"
      }
    },
    {
      "weight": 2,
      "element": {
        "location": "repurposed_structures:villages/mountains/houses/weaponsmith_1",
        "processors": "repurposed_structures:villages/mountains/zombify",
        "projection": "rigid",
        "element_type": "minecraft:legacy_single_pool_element"
      }
    },
    {
      "weight": 2,
      "element": {
        "location": "repurposed_structures:villages/mountains/zombie/houses/weaponsmith_2",
        "processors": "repurposed_structures:villages/mountains/zombify",
        "projection": "rigid",
        "element_type": "minecraft:legacy_single_pool_element"
      }
    },
    {
      "weight": 2,
      "element": {
        "location": "repurposed_structures:villages/mountains/zombie/houses/temple_1",
        "processors": "repurposed_structures:villages/mountains/zombify",
        "projection": "rigid",
        "element_type": "minecraft:legacy_single_pool_element"
      }
    },
    {
      "weight": 6,
      "element": {
        "location": "repurposed_structures:villages/mountains/houses/large_farm_1",
        "processors": "repurposed_structures:villages/mountains/zombify",
        "projection": "rigid",
        "element_type": "minecraft:legacy_single_pool_element"
      }
    },
    {
      "weight": 6,
      "element": {
        "location": "repurposed_structures:villages/mountains/zombie/houses/large_farm_2",
        "processors": "repurposed_structures:villages/mountains/zombify",
        "projection": "rigid",
        "element_type": "minecraft:legacy_single_pool_element"
      }
    },
    {
      "weight": 1,
      "element": {
        "location": "repurposed_structures:villages/mountains/houses/small_farm_1",
        "processors": "repurposed_structures:villages/mountains/zombify",
        "projection": "rigid",
        "element_type": "minecraft:legacy_single_pool_element"
      }
    },
    {
      "weight": 2,
      "element": {
        "location": "repurposed_structures:villages/mountains/houses/animal_pen_1",
        "processors": "repurposed_structures:villages/mountains/zombify",
        "projection": "rigid",
        "element_type": "minecraft:legacy_single_pool_element"
      }
    },
    {
      "weight": 6,
      "element": {
        "element_type": "minecraft:empty_pool_element"
      }
    }
  ]
}