{
  "name": "repurposed_structures:ruins/land_warm/connector",
  "fallback": "minecraft:empty",
  "elements": [
    {
      "weight": 1,
      "element": {
        "location": "repurposed_structures:ruins/land_warm/connector",
        "processors": "repurposed_structures:ruins/land_warm_randomize",
        "projection": "terrain_matching",
        "element_type": "minecraft:single_pool_element"
      }
    },
    {
      "weight": 3,
      "element": {
        "element_type": "minecraft:empty_pool_element"
      }
    }
  ]
}