{
  "name": "repurposed_structures:mineshafts/ocean/main",
  "fallback": "minecraft:empty",
  "elements": [
    {
      "weight": 85,
      "element": {
        "element_type": "minecraft:empty_pool_element"
      }
    },
    {
      "weight": 10,
      "element": {
        "location": "repurposed_structures:mineshafts/ocean/tunnel_rails_1",
        "processors": "repurposed_structures:mineshafts/ocean_no_rails",
        "projection": "rigid",
        "element_type": "minecraft:single_pool_element"
      }
    },
    {
      "weight": 10,
      "element": {
        "location": "repurposed_structures:mineshafts/ocean/tunnel_rails_2",
        "processors": "repurposed_structures:mineshafts/ocean_no_rails",
        "projection": "rigid",
        "element_type": "minecraft:single_pool_element"
      }
    },
    {
      "weight": 10,
      "element": {
        "location": "repurposed_structures:mineshafts/ocean/tunnel_rails_3",
        "processors": "repurposed_structures:mineshafts/ocean_no_rails",
        "projection": "rigid",
        "element_type": "minecraft:single_pool_element"
      }
    },
    {
      "weight": 10,
      "element": {
        "location": "repurposed_structures:mineshafts/ocean/tunnel_rails_4",
        "processors": "repurposed_structures:mineshafts/ocean_no_rails",
        "projection": "rigid",
        "element_type": "minecraft:single_pool_element"
      }
    },
    {
      "weight": 10,
      "element": {
        "location": "repurposed_structures:mineshafts/ocean/tunnel_rails_1",
        "processors": "repurposed_structures:mineshafts/ocean_main",
        "projection": "rigid",
        "element_type": "minecraft:single_pool_element"
      }
    },
    {
      "weight": 10,
      "element": {
        "location": "repurposed_structures:mineshafts/ocean/tunnel_rails_2",
        "processors": "repurposed_structures:mineshafts/ocean_main",
        "projection": "rigid",
        "element_type": "minecraft:single_pool_element"
      }
    },
    {
      "weight": 10,
      "element": {
        "location": "repurposed_structures:mineshafts/ocean/tunnel_rails_3",
        "processors": "repurposed_structures:mineshafts/ocean_main",
        "projection": "rigid",
        "element_type": "minecraft:single_pool_element"
      }
    },
    {
      "weight": 10,
      "element": {
        "location": "repurposed_structures:mineshafts/ocean/tunnel_rails_4",
        "processors": "repurposed_structures:mineshafts/ocean_main",
        "projection": "rigid",
        "element_type": "minecraft:single_pool_element"
      }
    },
    {
      "weight": 15,
      "element": {
        "location": "repurposed_structures:mineshafts/ocean/4_way",
        "processors": "repurposed_structures:mineshafts/ocean_misc",
        "projection": "rigid",
        "element_type": "minecraft:single_pool_element"
      }
    },
    {
      "weight": 15,
      "element": {
        "location": "repurposed_structures:mineshafts/ocean/4_way_tall",
        "processors": "repurposed_structures:mineshafts/ocean_misc",
        "projection": "rigid",
        "element_type": "minecraft:single_pool_element"
      }
    },
    {
      "weight": 15,
      "element": {
        "location": "repurposed_structures:mineshafts/ocean/stairs",
        "processors": "repurposed_structures:mineshafts/ocean_misc",
        "projection": "rigid",
        "element_type": "minecraft:single_pool_element"
      }
    },
    {
      "weight": 1,
      "element": {
        "location": "repurposed_structures:mineshafts/ocean/spawner_1",
        "processors": "repurposed_structures:mineshafts/ocean_spawner",
        "projection": "rigid",
        "element_type": "minecraft:single_pool_element"
      }
    },
    {
      "weight": 1,
      "element": {
        "location": "repurposed_structures:mineshafts/ocean/spawner_2",
        "processors": "repurposed_structures:mineshafts/ocean_spawner",
        "projection": "rigid",
        "element_type": "minecraft:single_pool_element"
      }
    },
    {
      "weight": 1,
      "element": {
        "location": "repurposed_structures:mineshafts/ocean/spawner_3_end",
        "processors": "repurposed_structures:mineshafts/ocean_spawner",
        "projection": "rigid",
        "element_type": "minecraft:single_pool_element"
      }
    },
    {
      "weight": 1,
      "element": {
        "location": "repurposed_structures:mineshafts/ocean/spawner_3_middle",
        "processors": "repurposed_structures:mineshafts/ocean_spawner",
        "projection": "rigid",
        "element_type": "minecraft:single_pool_element"
      }
    },
    {
      "weight": 1,
      "element": {
        "location": "repurposed_structures:mineshafts/ocean/spawner_4_end",
        "processors": "repurposed_structures:mineshafts/ocean_spawner",
        "projection": "rigid",
        "element_type": "minecraft:single_pool_element"
      }
    },
    {
      "weight": 1,
      "element": {
        "location": "repurposed_structures:mineshafts/ocean/spawner_4_middle",
        "processors": "repurposed_structures:mineshafts/ocean_spawner",
        "projection": "rigid",
        "element_type": "minecraft:single_pool_element"
      }
    }
  ]
}