{
  "name": "repurposed_structures:villages/oak/zombie/streets",
  "fallback": "repurposed_structures:villages/oak/zombie/terminators",
  "elements": [
    {
      "weight": 2,
      "element": {
        "location": "repurposed_structures:villages/oak/zombie/streets/corner_01",
        "processors": "repurposed_structures:villages/oak/path_randomizer",
        "projection": "terrain_matching",
        "element_type": "minecraft:legacy_single_pool_element"
      }
    },
    {
      "weight": 2,
      "element": {
        "location": "repurposed_structures:villages/oak/zombie/streets/corner_02",
        "processors": "repurposed_structures:villages/oak/path_randomizer",
        "projection": "terrain_matching",
        "element_type": "minecraft:legacy_single_pool_element"
      }
    },
    {
      "weight": 2,
      "element": {
        "location": "repurposed_structures:villages/oak/zombie/streets/corner_03",
        "processors": "repurposed_structures:villages/oak/path_randomizer",
        "projection": "terrain_matching",
        "element_type": "minecraft:legacy_single_pool_element"
      }
    },
    {
      "weight": 6,
      "element": {
        "location": "repurposed_structures:villages/oak/zombie/streets/straight_01",
        "processors": "repurposed_structures:villages/oak/path_randomizer",
        "projection": "terrain_matching",
        "element_type": "minecraft:legacy_single_pool_element"
      }
    },
    {
      "weight": 6,
      "element": {
        "location": "repurposed_structures:villages/oak/zombie/streets/straight_02",
        "processors": "repurposed_structures:villages/oak/path_randomizer",
        "projection": "terrain_matching",
        "element_type": "minecraft:legacy_single_pool_element"
      }
    },
    {
      "weight": 8,
      "element": {
        "location": "repurposed_structures:villages/oak/zombie/streets/straight_03",
        "processors": "repurposed_structures:villages/oak/path_randomizer",
        "projection": "terrain_matching",
        "element_type": "minecraft:legacy_single_pool_element"
      }
    },
    {
      "weight": 8,
      "element": {
        "location": "repurposed_structures:villages/oak/zombie/streets/straight_04",
        "processors": "repurposed_structures:villages/oak/path_randomizer",
        "projection": "terrain_matching",
        "element_type": "minecraft:legacy_single_pool_element"
      }
    },
    {
      "weight": 4,
      "element": {
        "location": "repurposed_structures:villages/oak/zombie/streets/straight_05",
        "processors": "repurposed_structures:villages/oak/path_randomizer",
        "projection": "terrain_matching",
        "element_type": "minecraft:legacy_single_pool_element"
      }
    },
    {
      "weight": 6,
      "element": {
        "location": "repurposed_structures:villages/oak/zombie/streets/straight_06",
        "processors": "repurposed_structures:villages/oak/path_randomizer",
        "projection": "terrain_matching",
        "element_type": "minecraft:legacy_single_pool_element"
      }
    },
    {
      "weight": 2,
      "element": {
        "location": "repurposed_structures:villages/oak/zombie/streets/crossroad_01",
        "processors": "repurposed_structures:villages/oak/path_randomizer",
        "projection": "terrain_matching",
        "element_type": "minecraft:legacy_single_pool_element"
      }
    },
    {
      "weight": 1,
      "element": {
        "location": "repurposed_structures:villages/oak/zombie/streets/crossroad_02",
        "processors": "repurposed_structures:villages/oak/path_randomizer",
        "projection": "terrain_matching",
        "element_type": "minecraft:legacy_single_pool_element"
      }
    },
    {
      "weight": 2,
      "element": {
        "location": "repurposed_structures:villages/oak/zombie/streets/crossroad_03",
        "processors": "repurposed_structures:villages/oak/path_randomizer",
        "projection": "terrain_matching",
        "element_type": "minecraft:legacy_single_pool_element"
      }
    },
    {
      "weight": 2,
      "element": {
        "location": "repurposed_structures:villages/oak/zombie/streets/crossroad_04",
        "processors": "repurposed_structures:villages/oak/path_randomizer",
        "projection": "terrain_matching",
        "element_type": "minecraft:legacy_single_pool_element"
      }
    },
    {
      "weight": 2,
      "element": {
        "location": "repurposed_structures:villages/oak/zombie/streets/crossroad_05",
        "processors": "repurposed_structures:villages/oak/path_randomizer",
        "projection": "terrain_matching",
        "element_type": "minecraft:legacy_single_pool_element"
      }
    },
    {
      "weight": 2,
      "element": {
        "location": "repurposed_structures:villages/oak/zombie/streets/crossroad_06",
        "processors": "repurposed_structures:villages/oak/path_randomizer",
        "projection": "terrain_matching",
        "element_type": "minecraft:legacy_single_pool_element"
      }
    },
    {
      "weight": 3,
      "element": {
        "location": "repurposed_structures:villages/oak/zombie/streets/turn_01",
        "processors": "repurposed_structures:villages/oak/path_randomizer",
        "projection": "terrain_matching",
        "element_type": "minecraft:legacy_single_pool_element"
      }
    }
  ]
}